<?xml version="1.0" encoding="UTF-8"?>
<addons>

<addon id="service.the.edl.skipper"
       name="The EDL Skipper"
       version="0.1.0"
       provider-name="The One Stop Team">
    <requires>
        <import addon="xbmc.python" version="3.0.0"/>
    </requires>
    <extension point="xbmc.service" library="service.py" />
    <extension point="xbmc.addon.metadata">
        <summary>Skip intros and outros using EDL files</summary>
        <description>Shows skip prompts or auto skips intros and outros.</description>
        <platform>all</platform>
    </extension>
</addon>


<addon id="service.the.playback.watcher"
       name="The Playback Watcher"
       version="1.0.0"
       provider-name="The One Stop Team">
    <requires>
        <import addon="xbmc.python" version="3.0.0"/>
    </requires>
    <extension point="xbmc.service" library="service.py" />
    <extension point="xbmc.addon.metadata">
        <summary>Ask if you're still watching during binge playback</summary>
        <description>
          The Playback Watcher helps prevent endless playback during binge watching.
          After a configurable number of episodes, a prompt appears asking if you are still watching. Playback is paused while the prompt is shown.

        You can:
        - Continue watching
        - Stop playback
        - Snooze the prompt for a set time

       If the prompt is ignored, playback can automatically stop.
      </description>
        <platform>all</platform>
    </extension>
</addon>

</addons>
