<?xml version="1.0" encoding="UTF-8"?>
<addon
    id="service.the.edl.skipper"
    name="The EDL Skipper"
    version="0.1.0"
    provider-name="The One Stop Team">

    <requires>
        <import addon="xbmc.python" version="3.0.0"/>
    </requires>

    <extension
        point="xbmc.service"
        library="service.py" />

    <extension point="xbmc.addon.metadata">
        <summary>Show Skip Intro/Outro prompts or auto Skip Intro/Outro using EDL timestamps</summary>

        <description>
            Reads EDL files and shows Skip Intro / Skip Outro popups with buttons
            or automatically skips intros and outros using EDL timestamps.
        </description>

        <platform>all</platform>

        <assets>
            <icon>icon.png</icon>
            <fanart>fanart.jpg</fanart>

            <screenshot>resources/media/screenshot-01-auto-skip-intro-popup.jpg</screenshot>
            <screenshot>resources/media/screenshot-02-auto-skip-outro-popup.jpg</screenshot>
            <screenshot>resources/media/screenshot-03-button-skip-outro-popup.jpg</screenshot>
            <screenshot>resources/media/screenshot-04-button-skip-intro-popup.jpg</screenshot>
            <screenshot>resources/media/screenshot-05-settings.jpg</screenshot>
            <screenshot>resources/media/screenshot-06-settings.jpg</screenshot>
            <screenshot>resources/media/screenshot-07-settings.jpg</screenshot>
        </assets>
    </extension>
</addon>
