<?xml version="1.0" encoding="UTF-8"?>
<window type="dialog">
    <coordinates>
        <system>1</system>
        <resolution>720p</resolution>
    </coordinates>

    <animation effect="fade" start="0" end="100" time="400">WindowOpen</animation>
    <animation effect="fade" start="100" end="0" time="400">WindowClose</animation>

    <controls>
        <control type="group">
            <posy>60</posy>
            <posy>20</posy>
            <width>600</width>
            <height>120</height>

            <control type="image">
                <posx>0</posx>
                <posy>0</posy>
                <width>600</width>
                <height>120</height>
                <texture>white.png</texture>
                <colordiffuse>F2101010</colordiffuse> </control>

            <control type="image">
                <posx>0</posx>
                <posy>0</posy>
                <width>10</width>
                <height>120</height>
                <texture>white.png</texture>
                <colordiffuse>FF7C4DFF</colordiffuse> </control>

            <control type="label">
                <posx>30</posx>
                <posy>10</posy>
                <width>550</width>
                <height>30</height>
                <label>UP NEXT</label>
                <font>font12</font>
                <textcolor>FF7C4DFF</textcolor>
                <align>left</align>
            </control>

            <control type="label">
                <posx>30</posx>
                <posy>40</posy>
                <width>550</width>
                <height>40</height>
                <label>$INFO[Window.Property(showtitle)]</label>
                <font>font14</font>
                <textcolor>FFFFFFFF</textcolor>
                <shadowcolor>FF000000</shadowcolor>
            </control>

            <control type="label">
                <posx>30</posx>
                <posy>80</posy>
                <width>550</width>
                <height>30</height>
                <label>S$INFO[Window.Property(season)]E$INFO[Window.Property(episode)] - $INFO[Window.Property(episodetitle)]</label>
                <font>font12</font>
                <textcolor>FFCCCCCC</textcolor>
            </control>
        </control>
    </controls>
</window>