<?xml version="1.0" encoding="UTF-8"?>
<addon id="repository.theonestopteam"
       name="The One Stop Repository"
       version="1.0.0"
       provider-name="The One Stop Team">

    <extension point="xbmc.addon.repository"
               name="The One Stop Repo">
        <info compressed="false">https://raw.githubusercontent.com/mitch-git1/theonestopteam/main/addons.xml</info>
        <checksum>https://raw.githubusercontent.com/mitch-git1/theonestopteam/main/addons.xml.md5</checksum>
        <datadir zip="true">https://raw.githubusercontent.com/mitch-git1/theonestopteam/main/addons/</datadir>
    </extension>

    <extension point="xbmc.addon.metadata">
        <summary>The One Stop Kodi Repository</summary>
        <description>Official repository for The One Stop Team. Home of EDL Skipper and other Kodi tools.</description>
        <platform>all</platform>
    </extension>

</addon>
