<?xml version="1.0" encoding="UTF-8"?>
<window id="14000">
    <defaultcontrol always="true">2001</defaultcontrol>
    <allowoverlay>true</allowoverlay>

    <onback>Close</onback>
    <onescape>Close</onescape>

    <controls>

        <!-- DIM BACKGROUND -->
        <control type="image">
            <texture colordiffuse="88000000">white.png</texture>
            <posx>0</posx>
            <posy>0</posy>
            <width>1920</width>
            <height>1080</height>
        </control>

        <!-- ================= CARD ================= -->
        <control type="group">
            <posx>560</posx>
            <posy>300</posy>
            <width>800</width>
            <height>420</height>

            <!-- CARD BACKGROUND -->
            <control type="image">
                <texture colordiffuse="FF1C1C1C">white.png</texture>
                <width>800</width>
                <height>420</height>
            </control>

            <!-- CARD BORDER -->
            <control type="image">
                <texture colordiffuse="FF4FC3F7">white.png</texture>
                <posx>0</posx>
                <posy>0</posy>
                <width>800</width>
                <height>3</height>
            </control>

            <control type="image">
                <texture colordiffuse="FF4FC3F7">white.png</texture>
                <posx>0</posx>
                <posy>417</posy>
                <width>800</width>
                <height>3</height>
            </control>

            <control type="image">
                <texture colordiffuse="FF4FC3F7">white.png</texture>
                <posx>0</posx>
                <posy>0</posy>
                <width>3</width>
                <height>420</height>
            </control>

            <control type="image">
                <texture colordiffuse="FF4FC3F7">white.png</texture>
                <posx>797</posx>
                <posy>0</posy>
                <width>3</width>
                <height>420</height>
            </control>

            <!-- ================= CENTERED CONTENT ================= -->
            <control type="group">
                <centerleft>50%</centerleft>
                <posy>45</posy>
                <width>600</width>
                <height>120</height>

                <!-- TITLE -->
                <control type="label">
                    <label>Are you still watching?</label>
                    <centerleft>50%</centerleft>
                    <posy>0</posy>
                    <width>600</width>
                    <align>center</align>
                    <font>font36_title</font>
                    <textcolor>FF4FC3F7</textcolor>
                </control>

                <!-- COUNTDOWN -->
                <control type="label" id="3001">
                    <label>Stopping in 30 seconds</label>
                    <centerleft>50%</centerleft>
                    <posy>60</posy>
                    <width>600</width>
                    <align>center</align>
                    <font>font22</font>
                    <textcolor>FFDDDDDD</textcolor>
                </control>
            </control>

            <!-- ================= BUTTONS ================= -->

<control type="button" id="2001">
    <label>Continue watching</label>

    <posx>80</posx>
    <posy>190</posy>
    <width>300</width>
    <height>70</height>

    <texturebg colordiffuse="FF2A2A2A">white.png</texturebg>
    <texturefocus colordiffuse="FF4FC3F7">white.png</texturefocus>

    <textcolor>FFDDDDDD</textcolor>
    <focusedcolor>FF000000</focusedcolor>

    <animation effect="fade" start="80" end="100" time="150">Focus</animation>
    <animation effect="scale" start="100" end="102" center="auto" time="120">Focus</animation>
    <animation effect="fade" start="100" end="80" time="120">Unfocus</animation>

    <onup>2001</onup>
    <ondown>2003</ondown>
    <onleft>2002</onleft>
    <onright>2002</onright>
</control>


<control type="button" id="2002">
    <label>Stop playback</label>

    <posx>420</posx>
    <posy>190</posy>
    <width>300</width>
    <height>70</height>

    <texturebg colordiffuse="FF2A2A2A">white.png</texturebg>
    <texturefocus colordiffuse="FF4FC3F7">white.png</texturefocus>

    <textcolor>FFDDDDDD</textcolor>
    <focusedcolor>FF000000</focusedcolor>

    <animation effect="fade" start="80" end="100" time="150">Focus</animation>
    <animation effect="scale" start="100" end="102" center="auto" time="120">Focus</animation>
    <animation effect="fade" start="100" end="80" time="120">Unfocus</animation>

    <onup>2001</onup>
    <ondown>2003</ondown>
    <onleft>2001</onleft>
    <onright>2001</onright>
</control>


<control type="button" id="2003">
    <label>Don't ask again tonight</label>

    <posx>250</posx>
    <posy>280</posy>
    <width>300</width>
    <height>55</height>

    <texturebg colordiffuse="FF1F1F1F">white.png</texturebg>
    <texturefocus colordiffuse="FF4FC3F7">white.png</texturefocus>

    <textcolor>FFCCCCCC</textcolor>
    <focusedcolor>FF000000</focusedcolor>

    <animation effect="fade" start="80" end="100" time="150">Focus</animation>
    <animation effect="scale" start="100" end="101" center="auto" time="120">Focus</animation>
    <animation effect="fade" start="100" end="80" time="120">Unfocus</animation>

    <onup>2001</onup>
    <ondown>2003</ondown>
    <onleft>2001</onleft>
    <onright>2002</onright>
</control>


        </control>
    </controls>
</window>
