<window type="dialog">
    <defaultcontrol always="true">3012</defaultcontrol>

    <coordinates>
        <system>1</system>
        <resolution>720p</resolution>
    </coordinates>

    <!-- Slide animation -->
    <animation effect="slide" start="0,-200" end="0,0" time="300">WindowOpen</animation>
    <animation effect="slide" start="0,0" end="0,-200" time="200">WindowClose</animation>

    <controls>

        <!-- OUTER BORDER -->
        <control type="image">
            <posx>20</posx>
            <posy>10</posy>
            <width>1240</width>
            <height>160</height>
            <texture>white.png</texture>
            <colordiffuse>339E7CFF</colordiffuse>
        </control>

        <!-- INNER PANEL (DEEP PURPLE) -->
        <control type="image">
            <posx>24</posx>
            <posy>14</posy>
            <width>1232</width>
            <height>152</height>
            <texture>black.png</texture>
            <colordiffuse>CC2A0F3F</colordiffuse>
        </control>

        <!-- THUMB -->
        <control type="image">
            <posx>40</posx>
            <posy>22</posy>
            <width>240</width>
            <height>135</height>
            <aspectratio>keep</aspectratio>
            <texture>$INFO[Window.Property(thumbnail)]</texture>
        </control>

        <!-- HEADER -->
        <control type="label">
            <posx>300</posx>
            <posy>20</posy>
            <width>600</width>
            <height>24</height>
            <font>font24</font>
            <textcolor>FFB388FF</textcolor>
            <label>UP NEXT</label>
        </control>

        <!-- SHOW TITLE -->
        <control type="label">
            <posx>300</posx>
            <posy>46</posy>
            <width>900</width>
            <height>34</height>
            <font>font36</font>
            <label>$INFO[Window.Property(showtitle)]</label>
        </control>

        <!-- EPISODE TITLE -->
        <control type="label">
            <posx>300</posx>
            <posy>84</posy>
            <width>900</width>
            <height>28</height>
            <font>font28</font>
            <textcolor>FFDDDDDD</textcolor>
            <label>$INFO[Window.Property(episodetitle)]</label>
        </control>

        <!-- SEASON / EPISODE -->
        <control type="label">
            <posx>300</posx>
            <posy>114</posy>
            <width>400</width>
            <height>22</height>
            <font>font22</font>
            <textcolor>FFAAAAAA</textcolor>
            <label>Season $INFO[Window.Property(season)] � Episode $INFO[Window.Property(episode)]</label>
        </control>

        <!-- COUNTDOWN -->
        <control type="label">
            <posx>880</posx>
            <posy>114</posy>
            <width>300</width>
            <height>22</height>
            <font>font22</font>
            <textcolor>FFCCCCCC</textcolor>
            <label>Skipping outro in $INFO[Window.Property(countdown)]s</label>
        </control>

        <!-- SKIP -->
        <control type="button" id="3012">
            <posx>880</posx>
            <posy>60</posy>
            <width>180</width>
            <height>48</height>
            <label>SKIP</label>
            <font>font24</font>

            <onleft>3014</onleft>
            <onright>3014</onright>

            <texturefocus>white.png</texturefocus>
            <texturenofocus>white.png</texturenofocus>

            <colordiffuse>FF2A2A2A</colordiffuse>
            <focusedcolor>FF7C4DFF</focusedcolor>
            <focusedtextcolor>FF000000</focusedtextcolor>
        </control>

        <!-- CANCEL -->
        <control type="button" id="3014">
            <posx>1080</posx>
            <posy>60</posy>
            <width>140</width>
            <height>48</height>
            <label>CANCEL</label>
            <font>font24</font>

            <onleft>3012</onleft>
            <onright>3012</onright>

            <texturefocus>white.png</texturefocus>
            <texturenofocus>white.png</texturenofocus>

            <colordiffuse>FF3A3A3A</colordiffuse>
            <focusedcolor>FF5A5A5A</focusedcolor>
            <focusedtextcolor>FFFFFFFF</focusedtextcolor>
        </control>

    </controls>
</window>
