<window type="dialog">
    <defaultcontrol always="true">3012</defaultcontrol>

    <coordinates>
        <system>1</system>
        <resolution>720p</resolution>
    </coordinates>

    <!-- Slide from top -->
    <animation effect="slide" start="0,-200" end="0,0" time="300">WindowOpen</animation>
    <animation effect="slide" start="0,0" end="0,-200" time="200">WindowClose</animation>

    <controls>

        <!-- OUTER BORDER -->
        <control type="image">
            <posx>20</posx>
            <posy>10</posy>
            <width>1240</width>
            <height>160</height>
            <texture>white.png</texture>
            <colordiffuse>33FFFFFF</colordiffuse>
        </control>

        <!-- INNER PANEL -->
        <control type="image">
            <posx>24</posx>
            <posy>14</posy>
            <width>1232</width>
            <height>152</height>
            <texture>black.png</texture>
            <colordiffuse>CC0F0F0F</colordiffuse>
        </control>

        <!-- THUMB -->
        <control type="image">
            <posx>40</posx>
            <posy>22</posy>
            <width>240</width>
            <height>135</height>
            <aspectratio>keep</aspectratio>
            <texture>$INFO[Window.Property(thumbnail)]</texture>
        </control>

        <!-- HEADER -->
        <control type="label">
            <posx>300</posx>
            <posy>20</posy>
            <width>600</width>
            <height>24</height>
            <font>font24</font>
            <textcolor>FF8AB4F8</textcolor>
            <label>NOW PLAYING</label>
        </control>

        <!-- SHOW TITLE -->
        <control type="label">
            <posx>300</posx>
            <posy>46</posy>
            <width>900</width>
            <height>34</height>
            <font>font36</font>
            <label>$INFO[Window.Property(showtitle)]</label>
        </control>

        <!-- EPISODE TITLE -->
        <control type="label">
            <posx>300</posx>
            <posy>84</posy>
            <width>900</width>
            <height>28</height>
            <font>font28</font>
            <textcolor>FFBBBBBB</textcolor>
            <label>$INFO[Window.Property(episodetitle)]</label>
        </control>

        <!-- SEASON / EPISODE -->
        <control type="label">
            <posx>300</posx>
            <posy>114</posy>
            <width>400</width>
            <height>22</height>
            <font>font22</font>
            <textcolor>FF999999</textcolor>
            <label>Season $INFO[Window.Property(season)] � Episode $INFO[Window.Property(episode)]</label>
        </control>

        <!-- CLOCK -->
        <control type="label">
            <posx>1050</posx>
            <posy>20</posy>
            <width>180</width>
            <height>22</height>
            <align>right</align>
            <font>font22</font>
            <textcolor>FFBBBBBB</textcolor>
            <label>$INFO[System.Time]</label>
        </control>

        <!-- COUNTDOWN -->
        <control type="label">
            <posx>880</posx>
            <posy>114</posy>
            <width>300</width>
            <height>22</height>
            <font>font22</font>
            <textcolor>FFBBBBBB</textcolor>
            <label>Skipping intro in $INFO[Window.Property(countdown)]s</label>
        </control>

        <!-- SKIP INTRO -->
        <control type="button" id="3012">
            <posx>880</posx>
            <posy>60</posy>
            <width>180</width>
            <height>48</height>

            <label>SKIP INTRO</label>
            <font>font24</font>

            <!-- Navigation -->
            <onleft>3014</onleft>
            <onright>3014</onright>
            <onup>3012</onup>
            <ondown>3014</ondown>

            <texturefocus>white.png</texturefocus>
            <texturenofocus>white.png</texturenofocus>

            <!-- Base -->
            <colordiffuse>FF2A2A2A</colordiffuse>
            <textcolor>FFCCCCCC</textcolor>

            <!-- Focus -->
            <focusedcolor>FF1DB954</focusedcolor>
            <focusedtextcolor>FF000000</focusedtextcolor>

            <!-- Animations -->
            <animation effect="zoom" start="100" end="108" time="150">Focus</animation>
            <animation effect="zoom" start="108" end="100" time="150">Unfocus</animation>

            <animation effect="fade"
                       start="100"
                       end="85"
                       time="700"
                       loop="true"
                       condition="Control.HasFocus(3012)">Focus</animation>
        </control>

        <!-- CANCEL -->
        <control type="button" id="3014">
            <posx>1080</posx>
            <posy>60</posy>
            <width>140</width>
            <height>48</height>

            <label>CANCEL</label>
            <font>font24</font>

            <!-- Navigation -->
            <onleft>3012</onleft>
            <onright>3012</onright>
            <onup>3012</onup>
            <ondown>3014</ondown>

            <texturefocus>white.png</texturefocus>
            <texturenofocus>white.png</texturenofocus>

            <!-- Base -->
            <colordiffuse>FF3A3A3A</colordiffuse>
            <textcolor>FFCCCCCC</textcolor>

            <!-- Focus -->
            <focusedcolor>FF6A6A6A</focusedcolor>
            <focusedtextcolor>FFFFFFFF</focusedtextcolor>

            <!-- Animations -->
            <animation effect="zoom" start="100" end="106" time="150">Focus</animation>
            <animation effect="zoom" start="106" end="100" time="150">Unfocus</animation>

            <animation effect="fade"
                       start="100"
                       end="88"
                       time="700"
                       loop="true"
                       condition="Control.HasFocus(3014)">Focus</animation>
        </control>

    </controls>
</window>
